group,replicate,fastq_1,fastq_2
48hr_0,1,/burg/cgl/users/acs2330/220610_NS500289_1119_AHNYWCBGXL/outputs_fixed_samplesheet_11_16_22/april_48hr_0_A_S1_R1_001.fastq.gz,/burg/cgl/users/acs2330/220610_NS500289_1119_AHNYWCBGXL/outputs_fixed_samplesheet_11_16_22/april_48hr_0_A_S1_R2_001.fastq.gz
48hr_0,2,/burg/cgl/users/acs2330/220610_NS500289_1119_AHNYWCBGXL/outputs_fixed_samplesheet_11_16_22/april_48hr_0_B_S2_R1_001.fastq.gz,/burg/cgl/users/acs2330/220610_NS500289_1119_AHNYWCBGXL/outputs_fixed_samplesheet_11_16_22/april_48hr_0_B_S2_R2_001.fastq.gz
48hr_0,3,/burg/cgl/users/acs2330/220610_NS500289_1119_AHNYWCBGXL/outputs_fixed_samplesheet_11_16_22/may_48hr_0_A_S17_R1_001.fastq.gz,/burg/cgl/users/acs2330/220610_NS500289_1119_AHNYWCBGXL/outputs_fixed_samplesheet_11_16_22/may_48hr_0_A_S17_R2_001.fastq.gz
48hr_0,4,/burg/cgl/users/acs2330/220610_NS500289_1119_AHNYWCBGXL/outputs_fixed_samplesheet_11_16_22/may_48hr_0_B_S18_R1_001.fastq.gz,/burg/cgl/users/acs2330/220610_NS500289_1119_AHNYWCBGXL/outputs_fixed_samplesheet_11_16_22/may_48hr_0_B_S18_R2_001.fastq.gz
48hr_10,1,/burg/cgl/users/acs2330/220610_NS500289_1119_AHNYWCBGXL/outputs_fixed_samplesheet_11_16_22/april_48hr_10_A_S3_R1_001.fastq.gz,/burg/cgl/users/acs2330/220610_NS500289_1119_AHNYWCBGXL/outputs_fixed_samplesheet_11_16_22/april_48hr_10_A_S3_R2_001.fastq.gz
48hr_10,2,/burg/cgl/users/acs2330/220610_NS500289_1119_AHNYWCBGXL/outputs_fixed_samplesheet_11_16_22/april_48hr_10_B_S4_R1_001.fastq.gz,/burg/cgl/users/acs2330/220610_NS500289_1119_AHNYWCBGXL/outputs_fixed_samplesheet_11_16_22/april_48hr_10_B_S4_R2_001.fastq.gz
48hr_10,3,/burg/cgl/users/acs2330/220610_NS500289_1119_AHNYWCBGXL/outputs_fixed_samplesheet_11_16_22/may_48hr_10_A_S19_R1_001.fastq.gz,/burg/cgl/users/acs2330/220610_NS500289_1119_AHNYWCBGXL/outputs_fixed_samplesheet_11_16_22/may_48hr_10_A_S19_R2_001.fastq.gz
48hr_10,4,/burg/cgl/users/acs2330/220610_NS500289_1119_AHNYWCBGXL/outputs_fixed_samplesheet_11_16_22/may_48hr_10_B_S20_R1_001.fastq.gz,/burg/cgl/users/acs2330/220610_NS500289_1119_AHNYWCBGXL/outputs_fixed_samplesheet_11_16_22/may_48hr_10_B_S20_R2_001.fastq.gz
48hr_50,1,/burg/cgl/users/acs2330/220610_NS500289_1119_AHNYWCBGXL/outputs_fixed_samplesheet_11_16_22/april_48hr_50_A_S5_R1_001.fastq.gz,/burg/cgl/users/acs2330/220610_NS500289_1119_AHNYWCBGXL/outputs_fixed_samplesheet_11_16_22/april_48hr_50_A_S5_R2_001.fastq.gz
48hr_50,2,/burg/cgl/users/acs2330/220610_NS500289_1119_AHNYWCBGXL/outputs_fixed_samplesheet_11_16_22/april_48hr_50_B_S6_R1_001.fastq.gz,/burg/cgl/users/acs2330/220610_NS500289_1119_AHNYWCBGXL/outputs_fixed_samplesheet_11_16_22/april_48hr_50_B_S6_R2_001.fastq.gz
48hr_50,3,/burg/cgl/users/acs2330/220610_NS500289_1119_AHNYWCBGXL/outputs_fixed_samplesheet_11_16_22/may_48hr_50_A_S21_R1_001.fastq.gz,/burg/cgl/users/acs2330/220610_NS500289_1119_AHNYWCBGXL/outputs_fixed_samplesheet_11_16_22/may_48hr_50_A_S21_R2_001.fastq.gz
48hr_50,4,/burg/cgl/users/acs2330/220610_NS500289_1119_AHNYWCBGXL/outputs_fixed_samplesheet_11_16_22/may_48hr_50_B_S22_R1_001.fastq.gz,/burg/cgl/users/acs2330/220610_NS500289_1119_AHNYWCBGXL/outputs_fixed_samplesheet_11_16_22/may_48hr_50_B_S22_R2_001.fastq.gz
48hr_100,1,/burg/cgl/users/acs2330/220610_NS500289_1119_AHNYWCBGXL/outputs_fixed_samplesheet_11_16_22/april_48hr_100_A_S7_R1_001.fastq.gz,/burg/cgl/users/acs2330/220610_NS500289_1119_AHNYWCBGXL/outputs_fixed_samplesheet_11_16_22/april_48hr_100_A_S7_R2_001.fastq.gz
48hr_100,2,/burg/cgl/users/acs2330/220610_NS500289_1119_AHNYWCBGXL/outputs_fixed_samplesheet_11_16_22/april_48hr_100_B_S8_R1_001.fastq.gz,/burg/cgl/users/acs2330/220610_NS500289_1119_AHNYWCBGXL/outputs_fixed_samplesheet_11_16_22/april_48hr_100_B_S8_R2_001.fastq.gz
48hr_100,3,/burg/cgl/users/acs2330/220610_NS500289_1119_AHNYWCBGXL/outputs_fixed_samplesheet_11_16_22/may_48hr_100_A_S23_R1_001.fastq.gz,/burg/cgl/users/acs2330/220610_NS500289_1119_AHNYWCBGXL/outputs_fixed_samplesheet_11_16_22/may_48hr_100_A_S23_R2_001.fastq.gz
48hr_100,4,/burg/cgl/users/acs2330/220610_NS500289_1119_AHNYWCBGXL/outputs_fixed_samplesheet_11_16_22/may_48hr_100_B_S24_R1_001.fastq.gz,/burg/cgl/users/acs2330/220610_NS500289_1119_AHNYWCBGXL/outputs_fixed_samplesheet_11_16_22/may_48hr_100_B_S24_R2_001.fastq.gz
96hr_0,1,/burg/cgl/users/acs2330/220610_NS500289_1119_AHNYWCBGXL/outputs_fixed_samplesheet_11_16_22/april_96hr_0_A_S9_R1_001.fastq.gz,/burg/cgl/users/acs2330/220610_NS500289_1119_AHNYWCBGXL/outputs_fixed_samplesheet_11_16_22/april_96hr_0_A_S9_R2_001.fastq.gz
96hr_0,2,/burg/cgl/users/acs2330/220610_NS500289_1119_AHNYWCBGXL/outputs_fixed_samplesheet_11_16_22/april_96hr_0_B_S10_R1_001.fastq.gz,/burg/cgl/users/acs2330/220610_NS500289_1119_AHNYWCBGXL/outputs_fixed_samplesheet_11_16_22/april_96hr_0_B_S10_R2_001.fastq.gz
96hr_0,3,/burg/cgl/users/acs2330/220610_NS500289_1119_AHNYWCBGXL/outputs_fixed_samplesheet_11_16_22/may_96hr_0_A_S25_R1_001.fastq.gz,/burg/cgl/users/acs2330/220610_NS500289_1119_AHNYWCBGXL/outputs_fixed_samplesheet_11_16_22/may_96hr_0_A_S25_R2_001.fastq.gz
96hr_0,4,/burg/cgl/users/acs2330/220610_NS500289_1119_AHNYWCBGXL/outputs_fixed_samplesheet_11_16_22/may_96hr_0_B_S26_R1_001.fastq.gz,/burg/cgl/users/acs2330/220610_NS500289_1119_AHNYWCBGXL/outputs_fixed_samplesheet_11_16_22/may_96hr_0_B_S26_R2_001.fastq.gz
96hr_10,1,/burg/cgl/users/acs2330/220610_NS500289_1119_AHNYWCBGXL/outputs_fixed_samplesheet_11_16_22/april_96hr_10_A_S11_R1_001.fastq.gz,/burg/cgl/users/acs2330/220610_NS500289_1119_AHNYWCBGXL/outputs_fixed_samplesheet_11_16_22/april_96hr_10_A_S11_R2_001.fastq.gz
96hr_10,2,/burg/cgl/users/acs2330/220610_NS500289_1119_AHNYWCBGXL/outputs_fixed_samplesheet_11_16_22/april_96hr_10_B_S12_R1_001.fastq.gz,/burg/cgl/users/acs2330/220610_NS500289_1119_AHNYWCBGXL/outputs_fixed_samplesheet_11_16_22/april_96hr_10_B_S12_R2_001.fastq.gz
96hr_10,3,/burg/cgl/users/acs2330/220610_NS500289_1119_AHNYWCBGXL/outputs_fixed_samplesheet_11_16_22/may_96hr_10_A_S27_R1_001.fastq.gz,/burg/cgl/users/acs2330/220610_NS500289_1119_AHNYWCBGXL/outputs_fixed_samplesheet_11_16_22/may_96hr_10_A_S27_R2_001.fastq.gz
96hr_10,4,/burg/cgl/users/acs2330/220610_NS500289_1119_AHNYWCBGXL/outputs_fixed_samplesheet_11_16_22/may_96hr_10_B_S28_R1_001.fastq.gz,/burg/cgl/users/acs2330/220610_NS500289_1119_AHNYWCBGXL/outputs_fixed_samplesheet_11_16_22/may_96hr_10_B_S28_R2_001.fastq.gz
96hr_50,1,/burg/cgl/users/acs2330/220610_NS500289_1119_AHNYWCBGXL/outputs_fixed_samplesheet_11_16_22/april_96hr_50_A_S13_R1_001.fastq.gz,/burg/cgl/users/acs2330/220610_NS500289_1119_AHNYWCBGXL/outputs_fixed_samplesheet_11_16_22/april_96hr_50_A_S13_R2_001.fastq.gz
96hr_50,2,/burg/cgl/users/acs2330/220610_NS500289_1119_AHNYWCBGXL/outputs_fixed_samplesheet_11_16_22/april_96hr_50_B_S14_R1_001.fastq.gz,/burg/cgl/users/acs2330/220610_NS500289_1119_AHNYWCBGXL/outputs_fixed_samplesheet_11_16_22/april_96hr_50_B_S14_R2_001.fastq.gz
96hr_50,3,/burg/cgl/users/acs2330/220610_NS500289_1119_AHNYWCBGXL/outputs_fixed_samplesheet_11_16_22/may_96hr_50_A_S29_R1_001.fastq.gz,/burg/cgl/users/acs2330/220610_NS500289_1119_AHNYWCBGXL/outputs_fixed_samplesheet_11_16_22/may_96hr_50_A_S29_R2_001.fastq.gz
96hr_50,4,/burg/cgl/users/acs2330/220610_NS500289_1119_AHNYWCBGXL/outputs_fixed_samplesheet_11_16_22/may_96hr_50_B_S30_R1_001.fastq.gz,/burg/cgl/users/acs2330/220610_NS500289_1119_AHNYWCBGXL/outputs_fixed_samplesheet_11_16_22/may_96hr_50_B_S30_R2_001.fastq.gz
96hr_100,1,/burg/cgl/users/acs2330/220610_NS500289_1119_AHNYWCBGXL/outputs_fixed_samplesheet_11_16_22/april_96hr_100_A_S15_R1_001.fastq.gz,/burg/cgl/users/acs2330/220610_NS500289_1119_AHNYWCBGXL/outputs_fixed_samplesheet_11_16_22/april_96hr_100_A_S15_R2_001.fastq.gz
96hr_100,2,/burg/cgl/users/acs2330/220610_NS500289_1119_AHNYWCBGXL/outputs_fixed_samplesheet_11_16_22/april_96hr_100_B_S16_R1_001.fastq.gz,/burg/cgl/users/acs2330/220610_NS500289_1119_AHNYWCBGXL/outputs_fixed_samplesheet_11_16_22/april_96hr_100_B_S16_R2_001.fastq.gz
96hr_100,3,/burg/cgl/users/acs2330/220610_NS500289_1119_AHNYWCBGXL/outputs_fixed_samplesheet_11_16_22/may_96hr_100_A_S31_R1_001.fastq.gz,/burg/cgl/users/acs2330/220610_NS500289_1119_AHNYWCBGXL/outputs_fixed_samplesheet_11_16_22/may_96hr_100_A_S31_R2_001.fastq.gz
96hr_100,4,/burg/cgl/users/acs2330/220610_NS500289_1119_AHNYWCBGXL/outputs_fixed_samplesheet_11_16_22/may_96hr_100_B_S32_R1_001.fastq.gz,/burg/cgl/users/acs2330/220610_NS500289_1119_AHNYWCBGXL/outputs_fixed_samplesheet_11_16_22/may_96hr_100_B_S32_R2_001.fastq.gz